"통계분류(1)",통계분류(2),통계분류(3),2014,2014,2014,2014,2014,2014,2014,2014,2014,2014,2014,2014,2015,2015,2015,2015,2015,2015,2015,2015,2015,2015,2015,2015,2016,2016,2016,2016,2016,2016,2016,2016,2016,2017,2017,2017,2017,2017,2017,2017,2017,2017,2018,2018,2018,2018,2018,2018,2018,2018,2018,2019,2019,2019,2019,2019,2019,2019,2019,2019,2019,2019,2020,2020,2020,2020,2020,2020,2020,2020,2020,2020,2020,2021,2021,2021,2021,2021,2021,2021,2021,2021,2021,2021,2022,2022,2022,2022,2022,2022,2022,2022,2022,2022,2022,2023,2023,2023,2023,2023,2023,2023,2023,2023,2023,2023
"통계분류(1)",통계분류(2),통계분류(3),사례수,전혀하지않는다,월2~3회,주1회,주2회,주3회,주4회,주5회,주 6회,매일,주1회 이상,주2회 이상,사례수,전혀하지않는다,월2~3회,주1회,주2회,주3회,주4회,주5회,주 6회,매일,주1회 이상,주2회 이상,전혀하지않는다,월2~3회,주1회,주2회,주3회,주4회,주5회,주 6회,매일,전혀하지않는다,월2~3회,주1회,주2회,주3회,주4회,주5회,주 6회,매일,전혀하지않는다,월3회 이하,주1회,주2회,주3회,주4회,주5회,주 6회,매일,전혀하지않는다,월3회 이하,주1회,주2회,주3회,주4회,주5회,주 6회,매일,주1회 이상,주2회 이상,전혀하지않는다,월3회 이하,주1회,주2회,주3회,주4회,주5회,주 6회,매일,주1회 이상,주2회 이상,전혀하지않는다,월3회 이하,주1회,주2회,주3회,주4회,주5회,주 6회,매일,주1회 이상,주2회 이상,전혀하지않는다,월3회 이하,주1회,주2회,주3회,주4회,주5회,주 6회,매일,주1회 이상,주2회 이상,전혀하지않는다,월3회 이하,주1회,주2회,주3회,주4회,주5회,주 6회,매일,주1회 이상,주2회 이상
"전체",소계,소계,9000,34.5,10.8,11.2,10.2,12.7,5.2,5.9,4,5.5,54.8,43.5,9000,34.4,9.6,10.6,10.4,12.7,6,6.5,2.5,7.2,56,45.3,29.5,11,10.2,12.3,16.9,4.6,9.8,2.5,3.1,28.9,11.9,11,10.1,17.1,5.7,9.3,1.6,4.3,28,9.8,9.8,11.8,18.2,7.3,8.1,2.4,4.6,25.9,7.6,14.4,15.7,19.2,5.9,5.9,1.4,4.1,66.6,52.2,29.5,10.4,13.1,14.3,16.4,5.6,6.3,1.7,2.8,60.1,47,28.7,10.6,11,15.1,18.6,5.6,4.8,1.9,3.9,60.8,49.8,29.5,9.3,13.1,15.5,17.4,6,5.1,1,3,61.2,48.1,32.2,5.5,10.3,11.9,19.9,6.6,8.4,2,3.2,62.4,52
"도시규모별",대도시,소계,4005,35.1,10.3,11.4,10.1,13,5.4,6.4,3.5,4.8,54.6,43.2,3991,35,9.9,10.5,11.5,12.9,5.7,6.6,2.3,5.7,55.1,44.6,30.2,10.5,10.4,12.3,17.7,4,9.6,2.8,2.5,28.4,11.7,10.5,8,20.2,5.9,9.5,1.2,4.7,28.5,9.2,8.7,11.4,19.5,8.2,7.7,2.7,4.2,25,7.8,15.3,16.4,20.1,6,5.4,1.2,2.9,67.2,51.9,28,10.3,12.5,15.1,18.9,5.8,6.3,1.1,1.9,61.7,49.2,27.5,11.1,10.6,15.1,19.3,5.7,5.5,1.8,3.3,61.4,50.8,27.7,9.9,11.6,15.9,18.5,8.6,5.1,1.2,1.5,62.4,50.8,32.9,4.9,10.4,11.6,20.4,6.7,8.4,1.8,2.9,62.3,51.8
"도시규모별",중소도시,소계,3380,34.4,10.2,11.8,10.5,13.5,4.9,5.2,4,5.5,55.4,43.6,3372,34.1,9.1,10.9,9.2,12.7,6.7,6.3,2.7,8.4,56.8,45.9,27.9,11,9.9,12.5,17.2,5.3,11.3,2,2.8,28.9,12.2,11.5,12.4,14.9,5.4,9,2.1,3.6,28.1,10,10.2,11.7,17.9,6.4,8.2,2.2,5.3,26.6,7.2,14.3,16.2,19.4,5.4,5.4,1.3,4.2,66.2,52,29.2,9.7,15.1,14.3,15,5.4,6,1.9,3.5,61.1,46,29.8,10.3,10.3,14.5,18.3,5.5,4.4,2.2,4.7,59.9,49.6,29.5,9,15.7,14.8,16.9,4.1,5.5,0.9,3.7,61.5,45.8,33,6.4,9.6,10.9,19.7,6.5,8.5,2.1,3.2,60.6,50.9
"도시규모별",읍 면 이하,소계,1615,32.5,14.4,8.8,9.6,9.2,5.4,6.5,5.7,7.9,53.2,44.3,1637,33.4,10.3,10.4,10.7,12.5,5.3,6.7,2.4,8.4,56.3,45.9,31,12.5,10.3,11.7,14.2,4.9,7.3,2.5,5.6,30,11.6,11.4,10.3,14.6,5.9,9.8,1.5,5,26.6,11.1,11.4,12.7,16,7.2,8.7,2.2,4.2,26.4,7.7,12.8,13.1,17,6.6,8.1,2.2,6.2,65.9,53.1,33,12.1,10.6,12.4,13.8,5.5,7,2.3,3.3,54.9,44.3,28.8,9.9,13.4,17,17.2,5.2,4.1,1.1,3.2,61.3,47.9,33.3,8.6,11.4,16.1,16.1,4.2,4.4,0.8,5,58,46.6,28.9,4.9,11.5,14.7,19.1,6.5,8.2,2.2,4.1,66.2,54.7
"성별",남자,소계,4484,28.8,13.7,14.3,11.2,11,5.1,5.7,4.3,6,57.5,43.2,4487,28.6,13.2,14.1,10.1,11.5,6.4,6.1,2.7,7.2,58.2,44.1,25.7,12,13.1,13.2,15.5,4.8,9.8,2.7,3.2,24.9,15,14.5,9.5,13.9,5.8,9.7,1.9,4.9,25.5,13,12.9,13,15.4,6.6,7.2,2.5,3.9,23.1,8.8,19.3,15.5,16.8,5.7,5.5,1.4,3.9,68.1,48.8,27.2,12.9,16.7,13.6,14.3,4.9,5.8,1.9,2.7,59.9,43.2,25.2,14.7,14,14.2,16.6,5.9,4.4,1.6,3.5,60.1,46.1,27.3,12.4,15.7,15.2,16.4,5.4,4.5,1,2.1,60.4,44.6,29.7,7.5,14.3,11.8,18.4,6.2,8.2,1.7,2.2,62.8,48.5
"성별",여자,소계,4516,40,7.9,8.2,9.2,14.4,5.3,6.2,3.8,5,52,43.9,4513,40.2,6.1,7.2,10.8,14,5.7,6.9,2.2,7.1,53.8,46.6,33.3,10,7.4,11.4,18.3,4.4,9.9,2.2,3.1,32.8,8.8,7.7,10.7,20.3,5.7,9,1.3,3.8,30.5,6.7,6.7,10.5,21.1,8,8.9,2.4,5.3,28.7,6.3,9.5,15.9,21.5,6.1,6.4,1.5,4.2,65.1,55.6,31.8,8,9.5,15,18.4,6.3,6.8,1.5,2.8,60.3,50.8,32.2,6.4,7.9,16.1,20.6,5.2,5.2,2.1,4.4,61.4,53.5,31.7,6.3,10.5,15.8,18.4,6.7,5.7,1,3.9,62,51.5,34.6,3.5,6.3,12,21.3,7,8.7,2.2,4.2,61.9,55.6
"연령별",10대,소계,1250,37.1,8.2,15.8,12.5,11,3.8,5.2,3.1,3.3,54.7,38.9,1220,44.3,6.7,12.8,8.5,10.5,4.2,6.2,2.3,4.5,49,36.2,27.7,9.2,17.2,17.9,12.3,3.2,9.8,1,1.7,30,9.6,15.2,11.7,18.4,2.7,9.5,1.3,1.6,32.9,9.9,12.9,11.9,14.2,4.9,8.7,2,2.6,35.9,14.1,16,15.3,9.8,3.4,3.6,0.8,1.2,50.1,34.1,35.8,12.2,17.4,16,9.3,2.7,5,0.6,1,52,34.6,34.1,10.9,13.6,15.4,13,3.9,6,1.7,1.5,55,41.4,35.5,11.9,13.1,16.8,13.3,3.1,4.9,0.4,1,52.6,39.5,46.8,5.3,12.5,13.7,12.1,3.2,5.7,0.7,0.1,47.9,35.3
"연령별",20대,소계,1277,36.5,7.5,8.8,10.9,14.2,6.9,8.9,3,3.3,56,47.2,1278,39.6,5.6,8.9,10.1,15.9,5.3,8.6,1.8,4.2,54.9,46,30.9,11.7,10.5,11,16.1,5.7,10.7,2.2,1.1,29.9,14.9,8.7,9.1,18.3,6.6,9.1,1.1,2.2,30.8,10,6.6,13.2,18.7,7,9,2.8,1.9,23.8,7.1,13.3,20.7,20,5.7,5.2,2.2,2,69.2,55.9,30.3,8.8,16.3,11.3,17.5,6.5,7.3,1,1,60.9,44.6,27.6,8.8,10.3,17.8,21.6,6.5,4.4,1.2,1.9,63.6,53.3,28.7,9.3,12,17,20.6,5.4,4.7,0.9,1.4,62.1,50.1,37.5,4.8,9.2,11.5,20.2,6.1,7.7,1.6,1.3,57.6,48.4
"연령별",30대,소계,1391,38.1,8.8,12.7,9.9,13.2,5,6.3,2.7,3.3,53.1,40.3,1377,36.7,10,10.9,11.6,12.6,5.2,6.1,2.9,3.9,53.2,42.3,31,12.2,10,10.9,18.8,4.6,9.3,2,1.2,28.8,10.5,9.6,12.5,19,6.4,9.1,1.2,2.8,29.6,8.5,9.2,13,17.4,9.6,8.7,2.1,2,23.1,6.6,14.9,14.3,23.5,6.7,7.7,0.9,2.4,70.3,55.5,31.8,9.6,12.3,14,18.4,5.4,5.9,1.5,1.1,58.6,46.3,32.1,10.4,9.1,17,19.2,4.8,5.5,0.6,1.3,57.5,48.4,25.5,9.2,16.6,17.5,19.9,5.2,4.6,0.8,0.6,65.3,48.7,30.8,4.5,9.6,10.9,25,6.3,9.2,1.6,2.1,64.7,55.1
"연령별",40대,소계,1497,31.2,12.7,11.7,10.7,14.8,5.2,5.1,3.7,4.7,56.1,44.3,1489,26.8,12,12.9,10.6,15.1,8.2,7,2.5,4.8,61.2,48.3,26.4,12.5,10.5,11.8,19.1,4.8,11.1,2,1.8,25.5,14.1,12.6,10.6,16.9,6.6,9.4,2,2.3,23.5,10.8,13.5,11.5,20.8,7,8.2,2.2,2.4,22.5,7.2,14,16.5,22.2,6.4,6.3,1.1,3.8,70.3,56.2,26.5,12.2,13.2,16.1,17.7,5.9,5.5,1.1,1.8,61.3,48.1,23.6,12.7,13.5,15.8,21.5,5.9,3.2,1.5,2.4,63.7,50.3,25.2,9.6,14.8,17.8,19.3,5.9,4.7,0.9,1.8,65.1,50.3,29,6.8,12.3,13.5,21.6,6.2,8.2,0.9,1.5,64.1,51.8
"연령별",50대,소계,1438,28.7,13.8,11.5,10.1,13.1,5.4,5.7,4.8,6.8,57.4,45.9,1444,25.6,14.4,12.1,11.1,11.5,7.3,6.4,3.2,8.4,60,47.9,26.1,13,9.8,11.2,17.5,4.9,10.7,2.9,3.8,23.9,15.8,13.2,10,16.4,5.9,9.3,1.3,4.2,22.3,13.2,11.3,11,20.4,7.2,7.8,2,4.8,21.5,7.8,18.9,13.7,20.3,7.1,5.7,1.4,3.6,70.8,51.9,24.1,11.5,13.5,16.1,16.4,6.7,6.5,2.3,2.9,64.4,50.8,25.8,13.2,13,15.5,17.9,5.6,4.4,1.9,2.8,61,48,25,11.1,14.7,16,17.8,6.2,5.8,1.2,2.1,63.9,49.2,26.5,7,12.6,12.6,21.1,7.9,7.5,1.9,2.9,66.5,53.9
"연령별",60대,소계,1083,28.8,13.1,9.9,8.9,11.3,5.5,5.4,6.9,10,58,48.1,1115,29.7,10.6,8.6,11.3,12.7,5.5,4.9,2.6,14,59.6,51,29.4,9.2,7.1,12.1,18.8,4.1,9.5,4.4,5.4,28.1,10.2,9.6,9.6,16.6,7.4,8.6,1.4,8.5,27.8,8.6,8.7,11.9,16.5,8.5,8.1,1.8,8.1,23.7,7.3,13.7,15.7,17.5,5.7,6.4,2.2,7.7,69,55.3,26.2,11.7,12,14.1,15.5,4.8,7.5,2.9,5.3,62.1,50.2,26,10.8,11.4,12.2,20.9,5.2,4.8,2.5,6.3,63.2,51.8,31.3,9,12.7,11.7,15.1,8.3,4.8,0.9,6.2,59.6,46.9,26,6,11.2,11.1,20.2,7.8,10,2.3,5.4,68,56.9
"연령별",70세 이상,소계,1064,44.3,10.7,5.6,6.9,8.4,3.9,4.2,5.2,10.7,45,39.4,1077,46.2,4.2,5.1,8.7,8.8,4.8,5.6,1.4,15.4,49.7,44.6,38.8,6,5.7,12.8,13.3,4.6,6,3.2,9.7,41.8,3.6,5.8,4.1,12,3.9,10.5,3.5,14.8,34.4,5.8,4.1,9.1,16.9,6.1,5.5,4.4,13.6,38.2,3.9,7.8,12.9,16.2,4.8,5.9,1.5,8.8,57.8,50.1,36.9,6.1,6.9,11.4,17.4,5.8,6.3,2.1,7.1,57,50.1,36.5,5.2,4.9,11.5,12.5,6.6,6.2,4.2,12.5,58.3,53.4,40.8,4.9,6.2,11,13.6,7.2,6.2,1.9,8.2,54.3,48.1,36.5,2.9,4.1,10.1,15.2,7.3,10.1,5,8.8,60.6,56.5
"성, 연령",남자,10대,641,25.3,11.2,17.6,15,12.8,4.6,6.5,3.5,3.6,63.5,45.9,623,30.7,7.6,17.3,8.9,12.3,5.7,8.6,3.2,5.8,61.7,44.4,20.3,9,18.1,19.9,11.6,3.8,14.3,1.3,1.7,22.9,9.9,18.9,10.7,16.7,3.4,13.1,2.1,2.3,26.6,11.8,15.7,10.4,14.3,5.3,11,2.2,2.6,28.8,13.6,22.9,13.5,10.6,4.6,4.2,0.4,1.4,57.5,34.7,23.5,15.1,21.7,17.2,10.7,2.7,7.3,0.8,1.1,61.4,39.8,24.9,15.3,16.7,16.7,11.8,4,7.6,2,1,59.8,43.1,28.8,13.5,14.8,15.1,17.2,4.3,5,0.6,0.9,57.7,42.9,37.3,6.2,15.9,16.6,13.5,2.3,6.9,1.2,0,56.4,40.6
"성, 연령",남자,20대,658,31,8.1,12.3,14.2,11.7,6.4,9.2,3.7,3.4,60.9,48.6,659,30.2,7.3,11.6,10.9,15.6,6,10.4,2.7,5.2,62.4,50.8,26.1,12.5,12.7,11.5,14.8,6.1,11.9,2.8,1.6,24.4,18.1,11.2,7.8,15.6,7,11.3,1.7,3,26.7,12.5,9,13.1,18.7,6.8,8.2,2.9,2.1,17.7,9.1,18.9,19.3,18.9,4.8,6,2.9,2.5,73.2,54.3,31.1,11.1,18,9.8,12.8,6.6,8.4,1.2,1.1,57.8,39.8,21.7,12,11.9,17.1,20.9,7.5,4.9,1,2.8,66.2,54.3,23.6,11.7,13.2,17,20.8,5.9,5.8,0.9,1.1,64.7,51.5,29.9,6.8,12.3,11.3,20.6,6.8,9.1,1.9,1.4,63.4,51
"성, 연령",남자,30대,703,33.1,10,16.6,10,11.4,5.2,6.5,3.1,4.1,56.9,40.2,697,30.2,11.9,14.3,12.9,10.4,6.3,6.4,3.9,3.7,57.9,43.6,23.8,13.2,13,11.6,20.2,5.3,9.5,2.4,0.9,26.4,14.6,12.5,11.5,15,6.6,9.5,1.1,2.8,26.2,10.4,12.4,14.9,13.7,9.6,8.7,2.4,1.6,21.1,7.5,18.1,14.3,22.2,6.7,6.6,0.8,2.6,71.4,53.3,27.8,12,17.1,12,18.3,3.7,6.5,1.6,1,60.2,43.1,26.3,14.6,11.2,14.8,18.8,6.5,6,0.7,1.2,59.2,48,24.2,13.3,17.7,15.8,18,5.1,3.9,1.2,0.9,62.5,44.9,26.4,5.9,12.5,11.9,22.9,5.6,11,2,1.8,67.6,55.1
"성, 연령",남자,40대,756,28.3,15.9,15.2,10.4,10.7,5.3,5.2,4.1,4.9,55.8,40.6,753,25.6,17.6,17.1,8.3,11.4,8.1,5.1,2.6,4.2,56.8,39.7,24.3,13.6,14.8,14,15.1,5.6,9.6,1.7,1.2,23.4,18.3,16.8,9.5,12.2,7,8.4,1.6,2.8,23,15.2,18.5,13.4,16.3,5.7,4.7,2.4,0.8,22.6,8,19.3,16.8,18.2,6.4,5.3,0.5,3,69.4,50.1,26.5,14.8,16.8,15.1,15.4,4.9,3.9,1.2,1.5,58.7,41.9,23.3,19.3,18.7,13.8,13.7,5.9,2.9,0.7,1.7,57.4,38.7,23.6,11.5,18.3,18.5,17.3,5,4.1,0.6,1.1,64.9,46.6,28,9.7,17.5,13.1,19.2,4.6,6.3,0.8,0.8,62.3,44.8
"성, 연령",남자,50대,722,25.8,18.5,14.5,10.2,10.8,4.8,4.2,3.7,7.4,55.6,41.1,727,21.6,19.9,16.3,10.4,10.1,6.9,4.5,2.2,8,58.4,42.1,26.9,15.3,13.3,11.5,15.4,3.3,8.1,3.3,2.7,22,18.7,18.2,10.7,14.1,4.7,7.8,0.3,3.5,22.3,18.7,14.8,11.6,15.6,5.9,6.2,1.7,3.2,20.6,9.4,24.2,12.8,17.4,6.3,4,1.3,4,70,45.8,23.3,14.1,17.9,15.3,14,5.8,4.1,2.5,2.9,62.5,44.7,22.7,18,16.4,15.4,16.6,5.1,2.9,1.7,1.3,59.3,42.8,25.8,15.3,17.9,15.2,15,4.8,3.2,1.2,1.7,58.9,40.9,25.5,9,17.3,11.8,18.2,7.8,7.5,1.3,1.6,65.5,48.2
"성, 연령",남자,60대,533,24.3,17.6,12.8,9.2,9.4,4.4,3.4,7.6,11.3,58.1,45.2,551,26.6,16,10.3,11.6,11.7,5.4,3,2,13.5,57.5,47.2,28.7,7.9,9.2,14.3,15.1,4.3,8.3,5.2,6.9,26.9,12.8,13.5,8.1,12.1,6.2,8.9,1.3,10.2,24.9,11.2,11.3,13.8,14.5,7.5,6.8,1.7,8.2,21.8,9.7,19.8,16.3,11.2,5.5,6.8,2.4,6.5,68.5,48.6,25.1,14.1,15.8,13.6,13,4.5,5.7,3.3,5,60.8,45,26.8,13.2,14.6,9.3,19,5.6,2.6,2.3,6.6,60,45.4,30.6,12.4,17.1,12.1,12.1,6.2,4.4,0.8,4.2,57,39.9,28.7,8.5,15.9,9.3,16.3,7.7,8.1,1.9,3.6,62.8,46.9
"성, 연령",남자,70세 이상,471,35.6,15.3,5.9,7.4,8.8,3.7,3.1,6.9,13.2,49.1,43.2,477,45.3,6.2,5.8,6.2,8.1,4.7,3.3,1.8,18.6,48.5,42.6,33.5,7.5,7.2,10.1,14.7,5.2,5.5,2.5,13.8,35,5.2,3.4,3.6,7.2,4.2,8.1,9.4,23.8,33.1,6.2,2.8,13.7,12.8,4.7,5.8,5,15.9,37.1,4.1,7.3,15.1,15,4.5,5.8,1.4,9.8,58.9,51.6,35.4,7.2,7.7,12,14.8,5,6.2,2.7,9.1,57.5,49.8,34.7,6.4,5.5,11.7,12.5,6.1,5.6,4.3,13.2,58.8,53.4,39.7,7.2,7,10.6,14.3,7.1,6.3,1.8,6,53.1,46.1,38.2,4.3,5.9,9,15.8,7.3,8.6,3.7,7.1,57.5,51.5
"성, 연령",여자,10대,609,49.9,5,13.9,9.8,9.1,2.9,3.9,2.6,2.9,45.1,31.2,597,59.2,5.6,7.9,8.1,8.6,2.7,3.5,1.3,3,35.2,27.3,35.7,9.4,16.2,15.8,13,2.4,4.9,0.7,1.8,38,9.2,11,12.8,20.4,1.9,5.4,0.4,0.9,39.7,7.9,9.7,13.5,14.1,4.6,6.1,1.8,2.6,43.4,14.6,8.5,17.3,9,2.1,2.9,1.1,1,42,33.5,49,9,12.9,14.6,7.9,2.8,2.5,0.4,0.8,42,29.1,43.9,6.3,10.3,13.9,14.3,3.7,4.2,1.5,2,49.8,39.6,42.7,10.2,11.3,18.7,9.2,1.9,4.7,0.2,1.2,47.2,35.9,56.9,4.3,9,10.5,10.6,4,4.3,0.2,0.2,38.8,29.8
"성, 연령",여자,20대,619,42.6,6.8,4.9,7.2,17,7.5,8.6,2.2,3.2,50.5,45.7,619,49.9,3.6,5.8,9.3,16.2,4.6,6.6,0.8,3.2,46.5,40.7,36.4,10.8,8,10.5,17.6,5.2,9.3,1.6,0.5,36.1,11.3,6,10.6,21.4,6.2,6.6,0.4,1.4,35.4,7.2,3.9,13.3,18.7,7.3,9.9,2.7,1.7,30.7,4.7,6.8,22.4,21.3,6.8,4.4,1.5,1.5,64.6,57.7,29.4,6.1,14.4,13,22.9,6.5,6.1,0.8,0.9,64.5,50.1,34.1,5.2,8.4,18.6,22.4,5.3,3.7,1.4,0.9,60.7,52.3,34.3,6.6,10.6,17.1,20.4,4.9,3.5,1,1.8,59.1,48.5,46.1,2.7,5.7,11.7,19.8,5.4,6.1,1.3,1.1,51.2,45.5
"성, 연령",여자,30대,688,43.2,7.6,8.7,9.8,15,4.8,6.1,2.3,2.3,49.1,40.4,680,43.5,8.1,7.3,10.3,14.9,4.1,5.8,1.9,4.1,48.4,41.1,38.6,11.2,6.8,10.1,17.2,3.9,9.2,1.6,1.4,31.3,6.1,6.5,13.6,23.3,6.2,8.8,1.4,2.8,33.3,6.4,5.6,11,21.3,9.5,8.6,1.8,2.5,25.3,5.6,11.3,14.4,24.9,6.8,8.8,1,2.1,69.1,57.9,36.1,7,6.9,16.1,18.4,7.4,5.4,1.4,1.3,56.8,49.9,38.6,5.7,6.8,19.4,19.6,3,5,0.3,1.6,55.7,48.9,26.8,4.8,15.3,19.5,22.1,5.4,5.4,0.4,0.3,68.4,53.1,35.7,2.9,6.3,9.8,27.3,7.2,7.3,1.1,2.4,61.4,55.1
"성, 연령",여자,40대,741,34.3,9.4,8.2,10.9,19.1,5.1,5.1,3.3,4.6,56.3,48.2,736,28.1,6.3,8.4,13,19,8.4,9.1,2.3,5.5,65.7,57.2,28.5,11.4,6,9.6,23.3,4,12.5,2.3,2.5,27.7,9.8,8.2,11.7,21.7,6.3,10.4,2.4,1.9,24,6.3,8.3,9.5,25.5,8.5,11.9,2,4,22.5,6.4,8.6,16.3,26.3,6.4,7.3,1.7,4.7,71.2,62.6,26.4,9.6,9.4,17.2,20.1,7,7.2,1,2.1,64,54.6,23.8,5.8,8,18,29.7,5.9,3.4,2.3,3.1,70.4,62.4,26.9,7.7,11.1,17,21.4,6.9,5.3,1.2,2.4,65.4,54.2,30.1,3.9,6.9,13.8,24.2,7.8,10.2,0.9,2.1,66,59.1
"성, 연령",여자,50대,716,31.7,9,8.4,10,15.4,6,7.4,5.8,6.2,59.3,50.8,717,29.6,8.7,7.9,11.9,12.9,7.7,8.4,4.2,8.7,61.7,53.7,25.3,10.7,6.3,10.9,19.6,6.5,13.4,2.5,4.8,25.7,13,8.3,9.4,18.7,7,10.9,2.1,4.9,22.3,7.7,7.8,10.4,25.2,8.6,9.4,2.3,6.3,22.3,6.2,13.5,14.5,23.2,8,7.5,1.4,3.3,71.5,57.9,24.8,8.9,9.2,17,18.8,7.6,8.8,2.1,2.9,66.3,57.1,29,8.3,9.6,15.6,19.1,6,6,2.2,4.3,62.7,53.2,24.2,6.7,11.4,16.9,20.8,7.6,8.5,1.2,2.6,69,57.6,27.5,5.1,7.8,13.3,24.1,7.9,7.5,2.5,4.3,67.4,59.7
"성, 연령",여자,60대,550,33.1,8.9,7.2,8.7,13.1,6.5,7.4,6.3,8.8,58,50.8,564,32.7,5.6,7.1,10.9,13.7,5.7,6.6,3.1,14.6,61.7,54.6,30.1,10.4,5.3,9.9,22.2,3.9,10.6,3.6,4,29.1,7.8,6.2,10.9,20.6,8.6,8.3,1.5,7.1,30.5,6.2,6.2,10.1,18.3,9.4,9.4,1.9,8.1,25.5,4.9,7.9,15.2,23.6,5.9,6,2,8.8,69.5,61.6,27.3,9.3,8.3,14.7,17.9,5,9.2,2.5,5.7,63.4,55.1,25.2,8.5,8.3,14.9,22.7,4.9,6.9,2.6,5.9,66.3,57.9,32,5.8,8.4,11.3,18,10.3,5.1,1,8.1,62.1,53.7,23.4,3.5,6.6,12.9,24,8,11.8,2.7,7.1,73.1,66.5
"성, 연령",여자,70세 이상,593,49.8,7.9,5.3,6.6,8.2,4.1,4.9,4.1,9.1,42.3,37,600,46.7,2.8,4.6,10.3,9.3,4.8,7,1.1,13.3,50.4,45.8,42.2,5.1,4.7,14.6,12.3,4.1,6.3,3.6,7.1,45.4,2.8,7.1,4.3,14.6,3.7,11.9,0.4,9.9,35.2,5.6,5,6.1,19.7,7,5.2,4.1,12.1,39,3.8,8.1,11.4,17.1,5,6,1.5,8,57.1,49.1,37.9,5.4,6.4,11,19.2,6.5,6.4,1.7,5.7,56.7,50.4,37.7,4.4,4.5,11.3,12.5,6.9,6.6,4.1,12,57.9,53.4,41.5,3.3,5.6,11.3,13,7.3,6.1,2,9.8,55.2,49.6,35.2,2,2.7,10.9,14.8,7.4,11.1,6,9.9,62.8,60
"소득별",100만원미만,소계,-,-,-,-,-,-,-,-,-,-,-,-,-,-,-,-,-,-,-,-,-,-,-,-,54.2,6.3,4.5,4.7,8.1,1,3.1,3.8,14.4,47.7,3,12.7,3.7,11.7,5,7.4,1.3,7.4,45.5,1.2,3.3,11.9,13.3,2.8,3.4,5.2,13.3,37.6,4.2,8.2,11,12.3,5.6,9.4,0.7,11.1,58.2,50,46.4,5.3,5.6,5.5,14.7,5.3,8.5,2.2,6.5,48.4,42.8,42.2,7.7,4.3,6.7,10.1,5.8,6.7,5.4,11.2,50.1,45.8,40.9,6.3,5.1,7.5,4.2,5.2,6.9,2.1,21.9,52.8,47.7,40.7,1.8,4.1,7.9,16.4,13.5,8.2,3.4,4,57.5,53.4
"소득별",100-200만원 미만,소계,-,-,-,-,-,-,-,-,-,-,-,-,-,-,-,-,-,-,-,-,-,-,-,-,-,-,-,-,-,-,-,-,-,-,-,-,-,-,-,-,-,-,-,-,-,-,-,-,-,-,-,-,-,-,-,-,-,-,-,-,-,-,-,-,-,-,-,-,-,-,-,-,-,-,-,-,-,-,-,-,-,-,-,-,34.4,4.2,7,13.2,16.7,6,6,1,11.4,61.4,54.4,35.4,3.1,5.8,10.8,16.4,4.9,10.5,6,7,61.4,55.7
"소득별",200-300만원 미만,소계,-,-,-,-,-,-,-,-,-,-,-,-,-,-,-,-,-,-,-,-,-,-,-,-,-,-,-,-,-,-,-,-,-,-,-,-,-,-,-,-,-,-,-,-,-,-,-,-,-,-,-,-,-,-,-,-,-,-,-,-,-,-,-,-,-,-,-,-,-,-,-,-,-,-,-,-,-,-,-,-,-,-,-,-,35.6,5.8,10.8,13.1,17.2,5.3,6.3,1,4.9,58.6,47.8,32.1,4.1,6.9,14.5,16.5,8.2,10.1,2.6,5.1,63.8,56.9
"소득별",300-400만원 미만,소계,-,-,-,-,-,-,-,-,-,-,-,-,-,-,-,-,-,-,-,-,-,-,-,-,-,-,-,-,-,-,-,-,-,-,-,-,-,-,-,-,-,-,-,-,-,-,-,-,-,-,-,-,-,-,-,-,-,-,-,-,-,-,-,-,-,-,-,-,-,-,-,-,-,-,-,-,-,-,-,-,-,-,-,-,28.7,8.6,11.6,15.5,19.9,5.8,6,0.9,2.9,62.7,51.1,30.9,6.3,10.5,12.9,18.1,6,9.3,1.9,4.1,62.8,52.3
"소득별",400-500만원 미만,소계,-,-,-,-,-,-,-,-,-,-,-,-,-,-,-,-,-,-,-,-,-,-,-,-,-,-,-,-,-,-,-,-,-,-,-,-,-,-,-,-,-,-,-,-,-,-,-,-,-,-,-,-,-,-,-,-,-,-,-,-,-,-,-,-,-,-,-,-,-,-,-,-,-,-,-,-,-,-,-,-,-,-,-,-,29.5,10.8,13.6,14.4,16.6,6.2,5.4,1.4,2.1,59.7,46.1,29.8,5.5,12,13.4,22.4,5.9,7.7,1.4,1.9,64.7,52.8
"소득별",500-600만원 미만,소계,-,-,-,-,-,-,-,-,-,-,-,-,-,-,-,-,-,-,-,-,-,-,-,-,-,-,-,-,-,-,-,-,-,-,-,-,-,-,-,-,-,-,-,-,-,-,-,-,-,-,-,-,-,-,-,-,-,-,-,-,-,-,-,-,-,-,-,-,-,-,-,-,-,-,-,-,-,-,-,-,-,-,-,-,29.3,10.2,17.3,15.4,15.7,5.1,4.7,0.6,1.8,60.5,43.2,33.9,6.6,12.1,11.1,19.6,6,6.7,1.5,2.6,59.5,47.4
"소득별",600-700만원 미만,소계,-,-,-,-,-,-,-,-,-,-,-,-,-,-,-,-,-,-,-,-,-,-,-,-,-,-,-,-,-,-,-,-,-,-,-,-,-,-,-,-,-,-,-,-,-,-,-,-,-,-,-,-,-,-,-,-,-,-,-,-,-,-,-,-,-,-,-,-,-,-,-,-,-,-,-,-,-,-,-,-,-,-,-,-,26.8,9,15.7,19.6,16.5,5.4,4.3,0.9,1.8,64.2,48.5,34,5,13,10.1,20.2,5.8,8.8,1.5,1.5,61,48
"소득별",700-800만원 미만,소계,-,-,-,-,-,-,-,-,-,-,-,-,-,-,-,-,-,-,-,-,-,-,-,-,-,-,-,-,-,-,-,-,-,-,-,-,-,-,-,-,-,-,-,-,-,-,-,-,-,-,-,-,-,-,-,-,-,-,-,-,-,-,-,-,-,-,-,-,-,-,-,-,-,-,-,-,-,-,-,-,-,-,-,-,29.2,12,7.6,14.6,21.3,9.4,3.4,1,1.7,58.8,51.2,30.6,7.3,7.3,8.9,26.4,9.3,6.9,1,2.4,62.1,54.8
"소득별",800-900만원 미만,소계,-,-,-,-,-,-,-,-,-,-,-,-,-,-,-,-,-,-,-,-,-,-,-,-,-,-,-,-,-,-,-,-,-,-,-,-,-,-,-,-,-,-,-,-,-,-,-,-,-,-,-,-,-,-,-,-,-,-,-,-,-,-,-,-,-,-,-,-,-,-,-,-,-,-,-,-,-,-,-,-,-,-,-,-,28.5,8.5,8.9,19.4,19.4,8.6,2.6,2.2,1.8,62.9,54.1,32.6,5.6,7.8,13.1,15.7,9.6,8.6,3,4,61.8,53.9
"소득별",900만원 이상,소계,-,-,-,-,-,-,-,-,-,-,-,-,-,-,-,-,-,-,-,-,-,-,-,-,-,-,-,-,-,-,-,-,-,-,-,-,-,-,-,-,-,-,-,-,-,-,-,-,-,-,-,-,-,-,-,-,-,-,-,-,-,-,-,-,-,-,-,-,-,-,-,-,-,-,-,-,-,-,-,-,-,-,-,-,7.2,21.5,11.3,16.2,24.7,11.4,5.9,1.4,0.4,71.3,60,22.5,2.7,7.6,11,24.3,10.7,12.9,1.3,7.1,74.9,67.2
"소득별",100~150만원미만,소계,-,-,-,-,-,-,-,-,-,-,-,-,-,-,-,-,-,-,-,-,-,-,-,-,46.5,7.3,4.5,8.1,11.8,6.4,4.5,2.9,8,35.1,7.7,4.6,6.5,12.7,4.8,12.1,2.2,14.4,33.9,8,7.2,14,11.4,4.2,6.7,2.1,12.6,38.2,5.8,7.4,13.5,13.6,4,5.1,2.1,10.5,56,48.6,39.5,7,7.7,9.1,15.1,6.1,6.4,3.8,5.3,53.5,45.8,35.4,4.8,5.7,12.1,11.7,7,3.8,3.8,15.5,59.7,54,-,-,-,-,-,-,-,-,-,-,-,-,-,-,-,-,-,-,-,-,-,-
"소득별",150~200만원미만,소계,-,-,-,-,-,-,-,-,-,-,-,-,-,-,-,-,-,-,-,-,-,-,-,-,33.3,11.8,6.1,12.2,10.9,4.3,8.9,5.3,7.2,35.5,6.9,5.7,6.3,10.5,5.8,6.8,7.3,15.2,35,7.2,5.9,10.3,11.1,6.6,8.5,4,11.5,37.3,4.4,10,14.2,15.1,6,6.3,2.1,4.5,58.3,48.3,35.6,10.3,6.5,10.9,19,4.9,5.9,1.1,6,54.2,47.7,35.6,6.8,3.7,10.6,17.2,10.3,5.5,3.7,6.6,57.6,53.8,-,-,-,-,-,-,-,-,-,-,-,-,-,-,-,-,-,-,-,-,-,-
"소득별",200~250만원미만,소계,-,-,-,-,-,-,-,-,-,-,-,-,-,-,-,-,-,-,-,-,-,-,-,-,33.7,12.4,9.7,12.9,13.1,4.3,7.2,2.9,4,31.5,12.7,13.5,7.2,13.1,5.3,6.1,1,9.7,31.7,9.3,7.4,10.7,16.8,8.8,5.4,3,6.9,28.8,6.1,11.8,12.3,18.2,5.5,8.2,2.3,6.9,65.1,53.3,33.3,7.6,8.4,15.9,14.2,6.6,5.1,1.9,7,59.1,50.7,29.5,8.2,12,12.6,15.8,5.9,5.9,2.2,7.9,62.3,50.3,-,-,-,-,-,-,-,-,-,-,-,-,-,-,-,-,-,-,-,-,-,-
"소득별",250~300만원미만,소계,-,-,-,-,-,-,-,-,-,-,-,-,-,-,-,-,-,-,-,-,-,-,-,-,32.2,11,10.1,13.8,14.3,4.9,8.7,2.6,2.5,32.6,15.3,9.7,8.7,11,5.3,11.7,1,4.8,30.6,10.6,9.9,12.9,14.3,5.8,7.7,3.9,4.3,34.3,5.8,11.8,12.4,14.8,4.1,7.7,1.9,7.2,59.9,48.1,36.3,11.9,10.9,11.3,14.9,4.4,6.3,1.2,2.9,51.9,41,28,8,11.2,20.5,17.6,4,4.2,1.6,4.9,64,52.8,-,-,-,-,-,-,-,-,-,-,-,-,-,-,-,-,-,-,-,-,-,-
"소득별",300~350만원미만,소계,-,-,-,-,-,-,-,-,-,-,-,-,-,-,-,-,-,-,-,-,-,-,-,-,32,11.1,10.1,11.5,16,4,9.1,3.1,3,30.1,11.7,13,10.8,14,5.9,8,1.3,5.2,29.3,7.9,10.1,14.3,15.1,7.5,10.8,2.6,2.5,20.2,7.9,14.2,14.8,23.8,6.4,6,1,5.6,71.9,57.7,33.9,10.9,11.4,13.6,16.4,3.7,5.7,1.9,2.5,55.2,43.8,26.1,12.2,12.4,17.3,17.5,4.5,5.2,2,2.8,61.6,49.2,-,-,-,-,-,-,-,-,-,-,-,-,-,-,-,-,-,-,-,-,-,-
"소득별",350~400만원미만,소계,-,-,-,-,-,-,-,-,-,-,-,-,-,-,-,-,-,-,-,-,-,-,-,-,28.9,11.1,11.4,15.5,16.1,4.1,8.7,2,2.3,29.3,13.6,12.2,10.1,15.8,6.5,8.6,1.3,2.5,28.2,9.9,10,13.4,18.3,5.8,9.1,2,3.3,27.6,6.4,19.3,14.7,17.3,5,3.7,1.4,4.6,66,46.7,32.4,12.1,11.8,12.8,14.7,7.2,5.7,1.3,2.1,55.5,43.7,27.6,11.2,9.7,17.5,20.1,4.3,4.2,2.1,3.3,61.2,51.5,-,-,-,-,-,-,-,-,-,-,-,-,-,-,-,-,-,-,-,-,-,-
"소득별",400~450만원미만,소계,-,-,-,-,-,-,-,-,-,-,-,-,-,-,-,-,-,-,-,-,-,-,-,-,27.2,11.1,12.1,12.6,16,4.5,12.2,2.7,1.5,29.2,13,11.5,10,16.7,3.9,11,1.6,3.2,24.4,10.3,13.4,11.4,20.8,7.4,6.8,1.8,3.8,27.8,7.5,20.8,12.2,14.7,6.3,6,1.5,3.1,64.6,43.8,30.3,10.3,14.1,13.2,13.5,5.4,7.8,3.2,2.3,59.4,45.3,24.6,13.7,14.6,13.8,17.9,6.3,4.2,1.8,3.1,61.7,47.1,-,-,-,-,-,-,-,-,-,-,-,-,-,-,-,-,-,-,-,-,-,-
"소득별",450~500만원미만,소계,-,-,-,-,-,-,-,-,-,-,-,-,-,-,-,-,-,-,-,-,-,-,-,-,27.4,12.4,9.3,11.5,19.8,4.8,10.4,1.5,2.9,29.1,12.6,11.3,10.3,18.8,6.3,8,2.1,1.5,27.7,12.9,10.5,9.5,20,6.1,7.2,1.8,4.4,24.9,8.2,10.1,16.6,24,5.4,7.3,1,2.5,66.9,56.8,25,9.9,19,13.6,16.9,6.7,6.5,1.1,1.4,65.1,46.2,30.4,13.3,9.9,14.7,18.3,5.6,4.2,1.3,2.3,56.3,46.4,-,-,-,-,-,-,-,-,-,-,-,-,-,-,-,-,-,-,-,-,-,-
"소득별",500~550만원미만,소계,-,-,-,-,-,-,-,-,-,-,-,-,-,-,-,-,-,-,-,-,-,-,-,-,24.6,11.5,13.7,11.2,16.8,4.3,11.9,3,3,23.3,11.6,10,13.1,22.6,6.2,9.4,1.5,2.2,28.1,10.3,9.1,12.9,19.2,7.4,7,2,4,22.6,8.8,15.8,21,16.8,6.8,5,0.7,2.4,68.6,52.8,28,12.6,12.5,14.7,16.6,5.2,6.6,0.8,3.2,59.4,47,26.7,9.7,14.3,13.4,22.1,4.8,5.2,2,1.8,63.6,49.3,-,-,-,-,-,-,-,-,-,-,-,-,-,-,-,-,-,-,-,-,-,-
"소득별",550~600만원미만,소계,-,-,-,-,-,-,-,-,-,-,-,-,-,-,-,-,-,-,-,-,-,-,-,-,24.9,10.6,6.8,13.1,24.7,5.1,10.8,1.1,2.9,21.3,12,14,10.1,26.2,4.7,8.8,0.1,3,25.3,11.7,8.7,10.3,21.6,9.8,7.1,1.9,3.6,23.4,5.4,11.7,15.9,25.5,7.5,6,2.1,2.5,71.2,59.6,23.1,8.3,15.7,19.4,20,6,4.9,1.4,1.2,68.6,53,31.1,10.8,11.8,17.2,15.7,6,3.6,1.2,2.5,58,46.3,-,-,-,-,-,-,-,-,-,-,-,-,-,-,-,-,-,-,-,-,-,-
"소득별",600만원이상,소계,-,-,-,-,-,-,-,-,-,-,-,-,-,-,-,-,-,-,-,-,-,-,-,-,23.6,10.3,10.2,11.6,23.8,6.3,11.1,1.4,1.7,25,9.1,8,11.2,21,7.9,11.3,1.5,4.9,23.2,9.6,9.3,9.8,21.5,10,10.4,2.7,3.4,17.9,11.2,13.8,19.6,23,5.9,4.8,1.5,2.3,70.9,57.1,18.4,11.4,15.8,19.7,20.6,5.4,6.2,0.8,1.8,70.2,54.4,27.7,9.8,9.6,15.7,22.5,5.9,5.5,0.7,2.6,62.6,52.9,-,-,-,-,-,-,-,-,-,-,-,-,-,-,-,-,-,-,-,-,-,-
"소득별",모름/무응답,소계,-,-,-,-,-,-,-,-,-,-,-,-,-,-,-,-,-,-,-,-,-,-,-,-,-,-,-,-,-,-,-,-,-,-,-,-,-,-,-,-,-,-,-,-,-,-,-,-,-,-,-,-,-,-,-,-,-,-,-,-,-,-,-,-,-,-,-,-,-,-,-,-,-,46.9,0,4.5,7.9,29.7,0,0,0,11.1,53.1,48.6,-,-,-,-,-,-,-,-,-,-,-,-,-,-,-,-,-,-,-,-,-,-
"학력별",초졸이하,소계,-,-,-,-,-,-,-,-,-,-,-,-,-,-,-,-,-,-,-,-,-,-,-,-,32.5,5.9,10.5,14.7,13.7,3.3,11.5,2.3,5.6,33.2,5.1,10.7,8.9,19.2,4.1,11.3,3.1,4.5,31.1,6.1,6.8,10.6,18,5.2,9.4,3.3,9.5,-,-,-,-,-,-,-,-,-,-,-,-,-,-,-,-,-,-,-,-,-,-,-,-,-,-,-,-,-,-,-,-,-,-,-,-,-,-,-,-,-,-,-,-,-,-,-,-,-,-,-,-,-,-,-
"학력별",중졸,소계,-,-,-,-,-,-,-,-,-,-,-,-,-,-,-,-,-,-,-,-,-,-,-,-,32.6,11,11.7,13.8,12.7,4.9,5.3,3,5,37.1,10,10.8,8.5,10.7,3.2,9.6,0.9,9.2,37.4,8.2,10.8,11.2,12.5,6.5,6.5,2,4.9,-,-,-,-,-,-,-,-,-,-,-,-,-,-,-,-,-,-,-,-,-,-,-,-,-,-,-,-,-,-,-,-,-,-,-,-,-,-,-,-,-,-,-,-,-,-,-,-,-,-,-,-,-,-,-
"학력별",고졸,소계,-,-,-,-,-,-,-,-,-,-,-,-,-,-,-,-,-,-,-,-,-,-,-,-,31.6,11.6,8.5,11.7,16.5,4.1,10.4,2.4,3.1,29.8,13.7,11.1,9.7,15.6,5.6,8.5,1.5,4.5,29.2,10.8,9.6,11.4,17.7,7,6.9,2.1,5.2,-,-,-,-,-,-,-,-,-,-,-,-,-,-,-,-,-,-,-,-,-,-,-,-,-,-,-,-,-,-,-,-,-,-,-,-,-,-,-,-,-,-,-,-,-,-,-,-,-,-,-,-,-,-,-
"학력별",대졸(4년제미만),소계,-,-,-,-,-,-,-,-,-,-,-,-,-,-,-,-,-,-,-,-,-,-,-,-,27.9,12.1,11.2,12.7,17.8,4.5,9.9,2.4,1.7,27.4,13.2,11.1,11.2,18,5.4,9.8,1.1,2.8,23.5,12.1,10.6,11.9,19.2,8.9,9.5,2.3,1.9,-,-,-,-,-,-,-,-,-,-,-,-,-,-,-,-,-,-,-,-,-,-,-,-,-,-,-,-,-,-,-,-,-,-,-,-,-,-,-,-,-,-,-,-,-,-,-,-,-,-,-,-,-,-,-
"학력별",대졸(4년제이상),소계,-,-,-,-,-,-,-,-,-,-,-,-,-,-,-,-,-,-,-,-,-,-,-,-,22.9,12.4,11.5,10.4,21.6,6.4,11,2.5,1.3,22.9,13.3,11.2,11,20,8.3,8.9,1.5,2.8,22.8,9.5,10.4,12.8,21.1,8.2,9.3,2.8,2.9,-,-,-,-,-,-,-,-,-,-,-,-,-,-,-,-,-,-,-,-,-,-,-,-,-,-,-,-,-,-,-,-,-,-,-,-,-,-,-,-,-,-,-,-,-,-,-,-,-,-,-,-,-,-,-
"학력별",대학원이상,소계,-,-,-,-,-,-,-,-,-,-,-,-,-,-,-,-,-,-,-,-,-,-,-,-,19.2,4.1,12.9,22.4,30.6,1.4,7.1,2.4,0,13.6,7.9,11.8,14.2,28.8,8,5.9,1,8.8,18.3,4.8,6.1,22.7,28.9,9.8,3.1,5.8,0.5,-,-,-,-,-,-,-,-,-,-,-,-,-,-,-,-,-,-,-,-,-,-,-,-,-,-,-,-,-,-,-,-,-,-,-,-,-,-,-,-,-,-,-,-,-,-,-,-,-,-,-,-,-,-,-
"직업별",관리자,소계,-,-,-,-,-,-,-,-,-,-,-,-,-,-,-,-,-,-,-,-,-,-,-,-,17.4,12.4,16,4,29.4,4.6,12.5,2.7,1.1,13.2,18.3,12.2,12.5,18.3,15.7,6.5,0.3,3.1,12.6,12.5,15.7,19.4,22.5,7.8,6.9,1.9,0.7,-,-,-,-,-,-,-,-,-,-,-,-,-,-,-,-,-,-,-,-,-,-,-,-,-,-,-,-,-,-,-,-,-,-,-,-,-,-,-,-,-,-,-,-,-,-,-,-,-,-,-,-,-,-,-
"직업별",전문가및관련종사자,소계,-,-,-,-,-,-,-,-,-,-,-,-,-,-,-,-,-,-,-,-,-,-,-,-,17.3,13.8,8.6,16.1,23.6,8.3,9.9,1.8,0.6,24.6,10.1,12.2,12.4,22.2,7.5,5.9,1,4.1,18.2,13.2,13.6,14.8,17.7,10.6,7.9,2.6,1.4,-,-,-,-,-,-,-,-,-,-,-,-,-,-,-,-,-,-,-,-,-,-,-,-,-,-,-,-,-,-,-,-,-,-,-,-,-,-,-,-,-,-,-,-,-,-,-,-,-,-,-,-,-,-,-
"직업별",사무종사자,소계,-,-,-,-,-,-,-,-,-,-,-,-,-,-,-,-,-,-,-,-,-,-,-,-,23.2,11,12.3,13.9,19.7,5.8,10.1,2.3,1.6,23.6,15.8,12.2,11,18,7,9.2,1.3,1.9,24.8,11.5,9.9,13.5,20.6,7.9,7.7,2.5,1.6,-,-,-,-,-,-,-,-,-,-,-,-,-,-,-,-,-,-,-,-,-,-,-,-,-,-,-,-,-,-,-,-,-,-,-,-,-,-,-,-,-,-,-,-,-,-,-,-,-,-,-,-,-,-,-
"직업별",서비스종사자,소계,-,-,-,-,-,-,-,-,-,-,-,-,-,-,-,-,-,-,-,-,-,-,-,-,31.7,13.5,8.5,10.7,16.7,5.5,8.2,2.2,3.1,30.3,11.3,12.3,8.6,15,6.4,9.4,1.4,5.2,26.5,10.1,11,13.2,18.2,7.4,7.5,2.1,4.2,-,-,-,-,-,-,-,-,-,-,-,-,-,-,-,-,-,-,-,-,-,-,-,-,-,-,-,-,-,-,-,-,-,-,-,-,-,-,-,-,-,-,-,-,-,-,-,-,-,-,-,-,-,-,-
"직업별",판매종사자,소계,-,-,-,-,-,-,-,-,-,-,-,-,-,-,-,-,-,-,-,-,-,-,-,-,30.5,11.7,8.6,11.9,14.2,5.3,9.8,2.8,5.2,31.2,11.7,10.7,12.7,15.4,4.9,7.7,0.8,4.9,29,12.9,11.3,10,17,6.3,7.1,2.3,4,-,-,-,-,-,-,-,-,-,-,-,-,-,-,-,-,-,-,-,-,-,-,-,-,-,-,-,-,-,-,-,-,-,-,-,-,-,-,-,-,-,-,-,-,-,-,-,-,-,-,-,-,-,-,-
"직업별",농림어업숙련종사자,소계,-,-,-,-,-,-,-,-,-,-,-,-,-,-,-,-,-,-,-,-,-,-,-,-,42.4,15.5,9.4,7.5,10.1,1.9,3.8,2.9,6.5,28.1,12,16.6,9.5,8.5,4.8,9.8,0.9,9.8,36,11.9,10.6,13.4,10.9,3.6,6.2,2.6,4.8,-,-,-,-,-,-,-,-,-,-,-,-,-,-,-,-,-,-,-,-,-,-,-,-,-,-,-,-,-,-,-,-,-,-,-,-,-,-,-,-,-,-,-,-,-,-,-,-,-,-,-,-,-,-,-
"직업별",기능원및관련기능,소계,-,-,-,-,-,-,-,-,-,-,-,-,-,-,-,-,-,-,-,-,-,-,-,-,31.1,16.3,12.4,13.6,13.2,2.8,8.1,1.6,1,32,17,16.6,7.8,11.4,4.2,6.5,1.2,3.3,29.1,14.6,16.3,12.9,12.7,5.2,5.3,1.5,2.5,-,-,-,-,-,-,-,-,-,-,-,-,-,-,-,-,-,-,-,-,-,-,-,-,-,-,-,-,-,-,-,-,-,-,-,-,-,-,-,-,-,-,-,-,-,-,-,-,-,-,-,-,-,-,-
"직업별",장치/기계조작및조립,소계,-,-,-,-,-,-,-,-,-,-,-,-,-,-,-,-,-,-,-,-,-,-,-,-,33.3,8.7,13.8,15.2,14.8,3.5,6.4,1.6,2.6,28.6,25.2,11.5,7.3,11.5,5.5,6,1.6,2.7,29.6,19.2,11.8,8.9,15.4,4.2,5.9,1.1,3.9,-,-,-,-,-,-,-,-,-,-,-,-,-,-,-,-,-,-,-,-,-,-,-,-,-,-,-,-,-,-,-,-,-,-,-,-,-,-,-,-,-,-,-,-,-,-,-,-,-,-,-,-,-,-,-
"직업별",단순노무종사자,소계,-,-,-,-,-,-,-,-,-,-,-,-,-,-,-,-,-,-,-,-,-,-,-,-,44,8.4,7.8,8.9,13.4,3.5,5.2,6.1,2.9,40.3,11,9,5.5,10.9,8.9,7.6,1.1,5.7,46.3,4.8,4.4,12.5,11.1,4.2,6.1,3.6,6.9,-,-,-,-,-,-,-,-,-,-,-,-,-,-,-,-,-,-,-,-,-,-,-,-,-,-,-,-,-,-,-,-,-,-,-,-,-,-,-,-,-,-,-,-,-,-,-,-,-,-,-,-,-,-,-
"직업별",군인,소계,-,-,-,-,-,-,-,-,-,-,-,-,-,-,-,-,-,-,-,-,-,-,-,-,16.7,0,29.3,15.5,19.1,0,19.4,0,0,0,0,48.2,0,0,0,0,0,51.8,21.7,0,21.4,0,24.2,32.7,0,0,0,-,-,-,-,-,-,-,-,-,-,-,-,-,-,-,-,-,-,-,-,-,-,-,-,-,-,-,-,-,-,-,-,-,-,-,-,-,-,-,-,-,-,-,-,-,-,-,-,-,-,-,-,-,-,-
"직업별",전업주부,소계,-,-,-,-,-,-,-,-,-,-,-,-,-,-,-,-,-,-,-,-,-,-,-,-,31.2,8.4,4.6,10,21.5,4.1,13.6,3,3.6,28.2,7.7,6.4,10.3,22,6.6,11.4,2,5.4,24.6,5,5.1,9.7,24.1,10.5,10.7,2,8.1,-,-,-,-,-,-,-,-,-,-,-,-,-,-,-,-,-,-,-,-,-,-,-,-,-,-,-,-,-,-,-,-,-,-,-,-,-,-,-,-,-,-,-,-,-,-,-,-,-,-,-,-,-,-,-
"직업별",학생,소계,-,-,-,-,-,-,-,-,-,-,-,-,-,-,-,-,-,-,-,-,-,-,-,-,27.5,10.5,16.2,15.5,13.5,3.7,10.4,1.3,1.4,28.7,11.4,13.5,11.2,19,3.8,9.2,1.3,1.9,31.2,10.2,11.5,12.1,15.7,6,8.4,2.4,2.5,-,-,-,-,-,-,-,-,-,-,-,-,-,-,-,-,-,-,-,-,-,-,-,-,-,-,-,-,-,-,-,-,-,-,-,-,-,-,-,-,-,-,-,-,-,-,-,-,-,-,-,-,-,-,-
"직업별",무직/기타,소계,-,-,-,-,-,-,-,-,-,-,-,-,-,-,-,-,-,-,-,-,-,-,-,-,35.2,8.9,9.3,11.7,12.4,4.9,4.5,3.9,9.3,41.4,6,3,3.3,10.9,3.1,13.5,5.8,13,33.4,3.4,5.4,7.8,14.4,5.7,9,5.9,15,-,-,-,-,-,-,-,-,-,-,-,-,-,-,-,-,-,-,-,-,-,-,-,-,-,-,-,-,-,-,-,-,-,-,-,-,-,-,-,-,-,-,-,-,-,-,-,-,-,-,-,-,-,-,-
"지역별",서울,소계,-,-,-,-,-,-,-,-,-,-,-,-,-,-,-,-,-,-,-,-,-,-,-,-,29.9,9.2,11,13.7,20.2,4,8.2,2,1.7,26.8,14.5,9.3,8.1,22.8,5.5,6.9,0.8,5.3,31,8.6,8.8,12.1,23.2,8,5.2,1,2.3,-,-,-,-,-,-,-,-,-,-,-,-,-,-,-,-,-,-,-,-,-,-,-,-,-,-,-,-,-,-,-,-,-,-,-,-,-,-,-,-,-,-,-,-,-,-,-,-,-,-,-,-,-,-,-
"지역별",부산,소계,-,-,-,-,-,-,-,-,-,-,-,-,-,-,-,-,-,-,-,-,-,-,-,-,31.5,12.4,10.7,7.5,11.8,2.5,13,5.5,5.1,33.4,7.8,8.9,5.3,15.5,4.3,16.7,1.9,6.2,23.8,6.9,7.2,12,13.3,7.2,11.6,8.4,9.6,-,-,-,-,-,-,-,-,-,-,-,-,-,-,-,-,-,-,-,-,-,-,-,-,-,-,-,-,-,-,-,-,-,-,-,-,-,-,-,-,-,-,-,-,-,-,-,-,-,-,-,-,-,-,-
"지역별",대구,소계,-,-,-,-,-,-,-,-,-,-,-,-,-,-,-,-,-,-,-,-,-,-,-,-,36.4,13.3,6.5,10,18.5,1.3,6.8,3.8,3.5,17.2,5.6,17.7,9.9,26.8,7,10.2,0.9,4.8,10.6,9,9.5,12.4,22.6,10.7,13,4.4,7.9,-,-,-,-,-,-,-,-,-,-,-,-,-,-,-,-,-,-,-,-,-,-,-,-,-,-,-,-,-,-,-,-,-,-,-,-,-,-,-,-,-,-,-,-,-,-,-,-,-,-,-,-,-,-,-
"지역별",인천,소계,-,-,-,-,-,-,-,-,-,-,-,-,-,-,-,-,-,-,-,-,-,-,-,-,32.1,3.6,9.6,13,23.2,4,12.1,0.8,1.5,43.5,6.8,7.2,7.2,19.1,5.4,7.5,0.8,2.6,41.5,8.8,10.7,9.2,15.5,7.2,5.3,0.9,1.1,-,-,-,-,-,-,-,-,-,-,-,-,-,-,-,-,-,-,-,-,-,-,-,-,-,-,-,-,-,-,-,-,-,-,-,-,-,-,-,-,-,-,-,-,-,-,-,-,-,-,-,-,-,-,-
"지역별",광주,소계,-,-,-,-,-,-,-,-,-,-,-,-,-,-,-,-,-,-,-,-,-,-,-,-,29.6,17.7,15.9,10.5,9.2,3.7,6.5,3.3,3.7,13.3,18.5,19.1,13,14.8,7.3,8.1,1.5,4.4,17.2,11.7,13.8,17,20.1,10.5,6.1,1.2,2.5,-,-,-,-,-,-,-,-,-,-,-,-,-,-,-,-,-,-,-,-,-,-,-,-,-,-,-,-,-,-,-,-,-,-,-,-,-,-,-,-,-,-,-,-,-,-,-,-,-,-,-,-,-,-,-
"지역별",대전,소계,-,-,-,-,-,-,-,-,-,-,-,-,-,-,-,-,-,-,-,-,-,-,-,-,20.4,17.7,9.1,16.7,14.1,9.4,7.1,3.7,1.9,29.1,18.9,7.1,7.2,12.7,9.4,12.3,2.1,1.2,35.1,20,4.6,7.2,13.2,7.7,6.1,2.5,3.4,-,-,-,-,-,-,-,-,-,-,-,-,-,-,-,-,-,-,-,-,-,-,-,-,-,-,-,-,-,-,-,-,-,-,-,-,-,-,-,-,-,-,-,-,-,-,-,-,-,-,-,-,-,-,-
"지역별",울산,소계,-,-,-,-,-,-,-,-,-,-,-,-,-,-,-,-,-,-,-,-,-,-,-,-,28.2,7.3,11.3,11.4,12.4,6.8,17.9,2.9,1.6,35.9,3.4,8.8,7.7,20.3,6.6,10.7,2.5,4.1,28.1,5.3,6.9,8.3,16.3,6.5,17.7,2.7,8.2,-,-,-,-,-,-,-,-,-,-,-,-,-,-,-,-,-,-,-,-,-,-,-,-,-,-,-,-,-,-,-,-,-,-,-,-,-,-,-,-,-,-,-,-,-,-,-,-,-,-,-,-,-,-,-
"지역별",세종,소계,-,-,-,-,-,-,-,-,-,-,-,-,-,-,-,-,-,-,-,-,-,-,-,-,14.2,13.9,1.4,26.3,24.8,3.7,10.6,5,0,22.9,10,6.4,5,13.6,15.3,24.4,1.6,0.6,30.8,14,7.8,9.8,15.4,6.5,15.7,0,0,-,-,-,-,-,-,-,-,-,-,-,-,-,-,-,-,-,-,-,-,-,-,-,-,-,-,-,-,-,-,-,-,-,-,-,-,-,-,-,-,-,-,-,-,-,-,-,-,-,-,-,-,-,-,-
"지역별",경기,소계,-,-,-,-,-,-,-,-,-,-,-,-,-,-,-,-,-,-,-,-,-,-,-,-,28.1,8.8,9.7,14.3,21,4.7,10,1.5,2,31.3,10.8,11.1,12.8,17,5.3,6.1,2,3.6,28.9,11.5,10.3,11.7,20.3,5.7,6.3,1.1,4.3,-,-,-,-,-,-,-,-,-,-,-,-,-,-,-,-,-,-,-,-,-,-,-,-,-,-,-,-,-,-,-,-,-,-,-,-,-,-,-,-,-,-,-,-,-,-,-,-,-,-,-,-,-,-,-
"지역별",강원,소계,-,-,-,-,-,-,-,-,-,-,-,-,-,-,-,-,-,-,-,-,-,-,-,-,40.3,11.3,11,11.5,10,5.6,5.7,1.7,3,41.1,8,12.3,11.6,13.5,6.3,3.7,0.6,2.8,56.2,5.9,8.7,4.8,12.9,2.5,4.8,0.5,3.6,-,-,-,-,-,-,-,-,-,-,-,-,-,-,-,-,-,-,-,-,-,-,-,-,-,-,-,-,-,-,-,-,-,-,-,-,-,-,-,-,-,-,-,-,-,-,-,-,-,-,-,-,-,-,-
"지역별",충북,소계,-,-,-,-,-,-,-,-,-,-,-,-,-,-,-,-,-,-,-,-,-,-,-,-,37.9,23.9,8.9,9.6,12.1,3.1,4.2,0,0.4,22.1,18.2,12.4,9.7,15,7.2,13.9,0.9,0.7,41.1,12.8,6.2,6.6,11.8,9.4,7.6,2.3,2.2,-,-,-,-,-,-,-,-,-,-,-,-,-,-,-,-,-,-,-,-,-,-,-,-,-,-,-,-,-,-,-,-,-,-,-,-,-,-,-,-,-,-,-,-,-,-,-,-,-,-,-,-,-,-,-
"지역별",충남,소계,-,-,-,-,-,-,-,-,-,-,-,-,-,-,-,-,-,-,-,-,-,-,-,-,20.1,15.6,10.1,10.2,19.4,8.8,10.1,2.4,3.4,20.3,24.6,12.1,11.3,16,6.5,6.4,2.2,0.5,32,14.3,10.9,10.2,14.1,7.3,7.6,0.9,2.8,-,-,-,-,-,-,-,-,-,-,-,-,-,-,-,-,-,-,-,-,-,-,-,-,-,-,-,-,-,-,-,-,-,-,-,-,-,-,-,-,-,-,-,-,-,-,-,-,-,-,-,-,-,-,-
"지역별",전북,소계,-,-,-,-,-,-,-,-,-,-,-,-,-,-,-,-,-,-,-,-,-,-,-,-,26,20.9,14.4,12.1,10.1,5,4.3,1,6.1,17.5,21.4,17.1,9.8,9.7,8.4,7.8,0.7,7.7,20.9,10,15.1,14.5,18.6,9.7,7.3,0.5,3.4,-,-,-,-,-,-,-,-,-,-,-,-,-,-,-,-,-,-,-,-,-,-,-,-,-,-,-,-,-,-,-,-,-,-,-,-,-,-,-,-,-,-,-,-,-,-,-,-,-,-,-,-,-,-,-
"지역별",전남,소계,-,-,-,-,-,-,-,-,-,-,-,-,-,-,-,-,-,-,-,-,-,-,-,-,30.7,10.5,18.7,15.1,8.3,3.2,8.9,1.7,2.9,15.2,11.4,15.2,22.4,17.2,5.5,7.3,1,5,16.1,8.3,17.9,17.8,19.1,7.8,6.8,0.7,5.6,-,-,-,-,-,-,-,-,-,-,-,-,-,-,-,-,-,-,-,-,-,-,-,-,-,-,-,-,-,-,-,-,-,-,-,-,-,-,-,-,-,-,-,-,-,-,-,-,-,-,-,-,-,-,-
"지역별",경북,소계,-,-,-,-,-,-,-,-,-,-,-,-,-,-,-,-,-,-,-,-,-,-,-,-,30.5,7.4,4.9,9,13.5,8.7,9,6,10.9,29.3,10.7,10.1,7.6,13.4,3.1,16.5,0.5,8.8,12,10.2,10.3,14.9,17.3,11.3,10.4,4.4,9.2,-,-,-,-,-,-,-,-,-,-,-,-,-,-,-,-,-,-,-,-,-,-,-,-,-,-,-,-,-,-,-,-,-,-,-,-,-,-,-,-,-,-,-,-,-,-,-,-,-,-,-,-,-,-,-
"지역별",경남,소계,-,-,-,-,-,-,-,-,-,-,-,-,-,-,-,-,-,-,-,-,-,-,-,-,25,10.4,9,9.4,12.6,3.6,20.7,4.1,5.3,34.9,5.5,10.5,8.8,8.5,4.9,17.4,4.9,4.7,22.1,6.5,8.5,11.8,11.2,5.3,18,8.9,7.7,-,-,-,-,-,-,-,-,-,-,-,-,-,-,-,-,-,-,-,-,-,-,-,-,-,-,-,-,-,-,-,-,-,-,-,-,-,-,-,-,-,-,-,-,-,-,-,-,-,-,-,-,-,-,-
"지역별",제주,소계,-,-,-,-,-,-,-,-,-,-,-,-,-,-,-,-,-,-,-,-,-,-,-,-,40.3,18.8,7.8,8.5,9,6.6,4,0.2,4.7,52.5,5.9,4.1,9,5.5,5.7,11.9,3.1,2.3,36.7,6,7,17.3,15.3,3.7,7,0.6,6.3,-,-,-,-,-,-,-,-,-,-,-,-,-,-,-,-,-,-,-,-,-,-,-,-,-,-,-,-,-,-,-,-,-,-,-,-,-,-,-,-,-,-,-,-,-,-,-,-,-,-,-,-,-,-,-
